<Library Version="1.1.0">
	<Material Version="1.4.0" Name="WhitePaint" Guid="{D0C275C2-3AC6-477F-964B-A1B033744B03}" SurfaceType="CEMENT" Type="CODE_DIFFUSE" Metal="0.000000" Rough="0.000000" Opacity="1.000000" BlendMode="Transparent">
		<TagList/>
		<FlagList/>
		<TextureList>
			<Texture FileName="TEXTURES\WHITE.PNG.DDS" Binding="MTL_BITMAP_DECAL0"/>
		</TextureList>
		<Attributes>
			<Diffuse Red="1.000000" Green="1.000000" Blue="1.000000"/>
			<Emissive Red="0.000000" Green="0.000000" Blue="0.000000"/>
			<UVOffset U="0.000000" V="0.000000"/>
			<UVScale U="1.000000" V="1.000000"/>
			<UVRotate>0.000000</UVRotate>
			<ExtraParameters>
				<Parameter X="0.020000" Y="0.600000" Z="0.000000" W="1.000000"/>
				<Parameter X="0.000000" Y="0.000000" Z="0.000000" W="0.000000"/>
				<Parameter X="0.000000" Y="0.000000" Z="0.000000" W="0.000000"/>
			</ExtraParameters>
		</Attributes>
	</Material>
	<Material Version="1.4.0" Name="YellowPaint" Guid="{7A0B6AF7-39FA-4389-A5C2-466ED5A0A98B}" SurfaceType="CEMENT" Type="CODE_DIFFUSE" Metal="0.000000" Rough="0.000000" Opacity="1.000000" BlendMode="Transparent">
		<TagList/>
		<FlagList/>
		<TextureList>
			<Texture FileName="TEXTURES\YELLOW.PNG.DDS" Binding="MTL_BITMAP_DECAL0"/>
		</TextureList>
		<Attributes>
			<Diffuse Red="1.000000" Green="1.000000" Blue="1.000000"/>
			<Emissive Red="0.000000" Green="0.000000" Blue="0.000000"/>
			<UVOffset U="0.000000" V="0.000000"/>
			<UVScale U="1.000000" V="1.000000"/>
			<UVRotate>0.000000</UVRotate>
			<ExtraParameters>
				<Parameter X="0.020000" Y="0.600000" Z="0.000000" W="1.000000"/>
				<Parameter X="0.000000" Y="0.000000" Z="0.000000" W="0.000000"/>
				<Parameter X="0.000000" Y="0.000000" Z="0.000000" W="0.000000"/>
			</ExtraParameters>
		</Attributes>
	</Material>
</Library>

