{
  "content": [
    {
      "path": "ContentInfo/julysfire-airport-knzy-northislandnas/Thumbnail.jpg",
      "size": 13520,
      "date": 132399197780000000
    },
    {
      "path": "MaterialLibs/mymatsKNZY/Library.xml",
      "size": 1791,
      "date": 132507408991470442
    },
    {
      "path": "MaterialLibs/mymatsKNZY/Textures/WPC.PNG.DDS",
      "size": 349700,
      "date": 132507408993933522
    },
    {
      "path": "MaterialLibs/mymatsKNZY/Textures/wpc.png.DDS.FLAGS",
      "size": 39,
      "date": 132439972199590065
    },
    {
      "path": "MaterialLibs/mymatsKNZY/Textures/WPC.PNG.DDS.json",
      "size": 181,
      "date": 132507408993923508
    },
    {
      "path": "MaterialLibs/mymatsKNZY/Textures/YPC.PNG.DDS",
      "size": 349700,
      "date": 132507408992643115
    },
    {
      "path": "MaterialLibs/mymatsKNZY/Textures/ypc.png.DDS.FLAGS",
      "size": 39,
      "date": 132439972634612006
    },
    {
      "path": "MaterialLibs/mymatsKNZY/Textures/YPC.PNG.DDS.json",
      "size": 232,
      "date": 132507408992603383
    },
    {
      "path": "scenery/global/sceneryKNZY/airport-KNZY.bgl",
      "size": 445593,
      "date": 132507408990980151
    },
    {
      "path": "scenery/global/sceneryKNZY/MAIN-AIRPORT-POLY.BGL",
      "size": 3375,
      "date": 132507408991150299
    }
  ]
}