{
  "content": [
    {
      "path": "ContentInfo/julysfire-airport-knzy-northislandnas/Thumbnail.jpg",
      "size": 13520,
      "date": 132399197780000000
    },
    {
      "path": "manifest.json",
      "size": 302,
      "date": 132463450131402823
    },
    {
      "path": "MaterialLibs/mymats/Library.xml",
      "size": 1791,
      "date": 132463372480449550
    },
    {
      "path": "MaterialLibs/mymats/Textures/WPC.PNG.DDS",
      "size": 1048704,
      "date": 132463372480809246
    },
    {
      "path": "MaterialLibs/mymats/Textures/wpc.png.DDS.FLAGS",
      "size": 39,
      "date": 132439972199590065
    },
    {
      "path": "MaterialLibs/mymats/Textures/WPC.PNG.DDS.json",
      "size": 181,
      "date": 132463372480759193
    },
    {
      "path": "MaterialLibs/mymats/Textures/YPC.PNG.DDS",
      "size": 1048704,
      "date": 132463372480669100
    },
    {
      "path": "MaterialLibs/mymats/Textures/ypc.png.DDS.FLAGS",
      "size": 39,
      "date": 132439972634612006
    },
    {
      "path": "MaterialLibs/mymats/Textures/YPC.PNG.DDS.json",
      "size": 232,
      "date": 132463372480620833
    },
    {
      "path": "scenery/global/scenery/airport-KNZY.bgl",
      "size": 445593,
      "date": 132463460234656254
    },
    {
      "path": "scenery/global/scenery/MAIN-AIRPORT-POLY.BGL",
      "size": 3375,
      "date": 132463450131001797
    }
  ]
}