{
  "content": [
    {
      "path": "ContentInfo/julysfire-airport-knzy-northislandnas/Thumbnail.jpg",
      "size": 31010,
      "date": 132531637460671880
    },
    {
      "path": "MaterialLibs/mymatsKNZY/Library.xml",
      "size": 1791,
      "date": 132531637653198949
    },
    {
      "path": "MaterialLibs/mymatsKNZY/Textures/WPC.PNG.DDS",
      "size": 349700,
      "date": 132531637665045277
    },
    {
      "path": "MaterialLibs/mymatsKNZY/Textures/wpc.png.DDS.FLAGS",
      "size": 39,
      "date": 132439972199590065
    },
    {
      "path": "MaterialLibs/mymatsKNZY/Textures/WPC.PNG.DDS.json",
      "size": 181,
      "date": 132531637665025256
    },
    {
      "path": "MaterialLibs/mymatsKNZY/Textures/YPC.PNG.DDS",
      "size": 349700,
      "date": 132531637663764111
    },
    {
      "path": "MaterialLibs/mymatsKNZY/Textures/ypc.png.DDS.FLAGS",
      "size": 39,
      "date": 132439972634612006
    },
    {
      "path": "MaterialLibs/mymatsKNZY/Textures/YPC.PNG.DDS.json",
      "size": 232,
      "date": 132531637663684037
    },
    {
      "path": "scenery/global/sceneryKNZY/airport-KNZY.bgl",
      "size": 452569,
      "date": 132531637652488297
    },
    {
      "path": "scenery/global/sceneryKNZY/MAIN-AIRPORT-POLY.BGL",
      "size": 3631,
      "date": 132531637652878657
    }
  ]
}