{
  "content": [
    {
      "path": "ContentInfo/julysfire-airport-knzy-northislandnas/ContentHistory.json",
      "size": 161,
      "date": 133213329956183468
    },
    {
      "path": "ContentInfo/julysfire-airport-knzy-northislandnas/Thumbnail.jpg",
      "size": 31010,
      "date": 132531637460671880
    },
    {
      "path": "MaterialLibs/mymatsKNZY/Library.xml",
      "size": 2193,
      "date": 133213329953580406
    },
    {
      "path": "MaterialLibs/mymatsKNZY/Textures/WPC.PNG.DDS",
      "size": 349700,
      "date": 132439900056380504
    },
    {
      "path": "MaterialLibs/mymatsKNZY/Textures/wpc.png.DDS.FLAGS",
      "size": 39,
      "date": 132439972199590065
    },
    {
      "path": "MaterialLibs/mymatsKNZY/Textures/WPC.PNG.DDS.json",
      "size": 181,
      "date": 132439900056380504
    },
    {
      "path": "MaterialLibs/mymatsKNZY/Textures/YPC.PNG.DDS",
      "size": 349700,
      "date": 132439948316472379
    },
    {
      "path": "MaterialLibs/mymatsKNZY/Textures/ypc.png.DDS.FLAGS",
      "size": 39,
      "date": 132439972634612006
    },
    {
      "path": "MaterialLibs/mymatsKNZY/Textures/YPC.PNG.DDS.json",
      "size": 232,
      "date": 132439948316472379
    },
    {
      "path": "scenery/global/sceneryKNZY/airport-KNZY.bgl",
      "size": 318694,
      "date": 133213329953479539
    }
  ]
}