{
  "content": [
    {
      "path": "ContentInfo/julysfire-airport-knzy-northislandnas/Thumbnail.jpg",
      "size": 13520,
      "date": 132399197780000000
    },
    {
      "path": "MaterialLibs/mymatsKNZY/Library.xml",
      "size": 1791,
      "date": 132487259135172889
    },
    {
      "path": "MaterialLibs/mymatsKNZY/Textures/WPC.PNG.DDS",
      "size": 349700,
      "date": 132487259138039290
    },
    {
      "path": "MaterialLibs/mymatsKNZY/Textures/wpc.png.DDS.FLAGS",
      "size": 39,
      "date": 132439972199590065
    },
    {
      "path": "MaterialLibs/mymatsKNZY/Textures/WPC.PNG.DDS.json",
      "size": 181,
      "date": 132487259138019273
    },
    {
      "path": "MaterialLibs/mymatsKNZY/Textures/YPC.PNG.DDS",
      "size": 349700,
      "date": 132487259136709143
    },
    {
      "path": "MaterialLibs/mymatsKNZY/Textures/ypc.png.DDS.FLAGS",
      "size": 39,
      "date": 132439972634612006
    },
    {
      "path": "MaterialLibs/mymatsKNZY/Textures/YPC.PNG.DDS.json",
      "size": 232,
      "date": 132487259136689128
    },
    {
      "path": "scenery/global/sceneryKNZY/airport-KNZY.bgl",
      "size": 445593,
      "date": 132487259134632396
    },
    {
      "path": "scenery/global/sceneryKNZY/MAIN-AIRPORT-POLY.BGL",
      "size": 3375,
      "date": 132487259135102835
    }
  ]
}