{
  "content": [
    {
      "path": "ContentInfo/julysfire-airport-knzy-northislandnas/Thumbnail.jpg",
      "size": 31010,
      "date": 132531637460671880
    },
    {
      "path": "MaterialLibs/mymatsKNZY/Library.xml",
      "size": 2193,
      "date": 132998179874399953
    },
    {
      "path": "MaterialLibs/mymatsKNZY/Textures/wpc.png.DDS",
      "size": 349700,
      "date": 132998179876718455
    },
    {
      "path": "MaterialLibs/mymatsKNZY/Textures/wpc.png.DDS.FLAGS",
      "size": 39,
      "date": 132439972199590065
    },
    {
      "path": "MaterialLibs/mymatsKNZY/Textures/wpc.png.DDS.json",
      "size": 181,
      "date": 132998179876708450
    },
    {
      "path": "MaterialLibs/mymatsKNZY/Textures/ypc.png.DDS",
      "size": 349700,
      "date": 132998179875589116
    },
    {
      "path": "MaterialLibs/mymatsKNZY/Textures/ypc.png.DDS.FLAGS",
      "size": 39,
      "date": 132439972634612006
    },
    {
      "path": "MaterialLibs/mymatsKNZY/Textures/ypc.png.DDS.json",
      "size": 232,
      "date": 132998179875579092
    },
    {
      "path": "scenery/global/sceneryKNZY/airport-KNZY.bgl",
      "size": 318374,
      "date": 132998179874319906
    }
  ]
}