{
  "content": [
    {
      "path": "ContentInfo/julysfire-airport-knzy-northislandnas/Thumbnail.jpg",
      "size": 13520,
      "date": 132399197780000000
    },
    {
      "path": "manifest.json",
      "size": 303,
      "date": 132439994714797859
    },
    {
      "path": "MaterialLibs/mymaterials/Library.xml",
      "size": 1906,
      "date": 132439964647731829
    },
    {
      "path": "MaterialLibs/mymaterials/Textures/ASPHALT01_ALBEDO.PNG.DDS",
      "size": 2097280,
      "date": 132439964648352401
    },
    {
      "path": "MaterialLibs/mymaterials/Textures/Asphalt01_Albedo.png.DDS.FLAGS",
      "size": 39,
      "date": 132399197780000000
    },
    {
      "path": "MaterialLibs/mymaterials/Textures/ASPHALT01_ALBEDO.PNG.DDS.json",
      "size": 232,
      "date": 132439964648302355
    },
    {
      "path": "MaterialLibs/mymaterials/Textures/ASPHALT01_COMP.PNG.DDS",
      "size": 2097280,
      "date": 132439964648022104
    },
    {
      "path": "MaterialLibs/mymaterials/Textures/Asphalt01_COMP.png.DDS.FLAGS",
      "size": 21,
      "date": 132399197780000000
    },
    {
      "path": "MaterialLibs/mymaterials/Textures/ASPHALT01_COMP.PNG.DDS.json",
      "size": 176,
      "date": 132439964648002080
    },
    {
      "path": "MaterialLibs/mymaterials/Textures/WHITEC.PNG.DDS",
      "size": 1048704,
      "date": 132439964648472514
    },
    {
      "path": "MaterialLibs/mymaterials/Textures/Whitec.png.DDS.FLAGS",
      "size": 39,
      "date": 132439963759224168
    },
    {
      "path": "MaterialLibs/mymaterials/Textures/WHITEC.PNG.DDS.json",
      "size": 181,
      "date": 132439964648452491
    },
    {
      "path": "MaterialLibs/mymats/Library.xml",
      "size": 1791,
      "date": 132439973007582694
    },
    {
      "path": "MaterialLibs/mymats/Textures/WPC.PNG.DDS",
      "size": 1048704,
      "date": 132439972342591871
    },
    {
      "path": "MaterialLibs/mymats/Textures/wpc.png.DDS.FLAGS",
      "size": 39,
      "date": 132439972199590065
    },
    {
      "path": "MaterialLibs/mymats/Textures/WPC.PNG.DDS.json",
      "size": 181,
      "date": 132439972342561842
    },
    {
      "path": "MaterialLibs/mymats/Textures/YPC.PNG.DDS",
      "size": 1048704,
      "date": 132439973007742839
    },
    {
      "path": "MaterialLibs/mymats/Textures/ypc.png.DDS.FLAGS",
      "size": 39,
      "date": 132439972634612006
    },
    {
      "path": "MaterialLibs/mymats/Textures/YPC.PNG.DDS.json",
      "size": 232,
      "date": 132439973007712807
    },
    {
      "path": "scenery/global/scenery/airport-KNZY.bgl",
      "size": 406229,
      "date": 132440050054683694
    },
    {
      "path": "scenery/global/scenery/MAIN-AIRPORT-POLY.BGL",
      "size": 3207,
      "date": 132439964647551666
    }
  ]
}