{
  "content": [
    {
      "path": "ContentInfo/julysfire-airport-knzy-northislandnas/Thumbnail.jpg",
      "size": 31010,
      "date": 132531637460671880
    },
    {
      "path": "MaterialLibs/mymatsKNZY/Library.xml",
      "size": 1791,
      "date": 132628370261445082
    },
    {
      "path": "MaterialLibs/mymatsKNZY/Textures/WPC.PNG.DDS",
      "size": 349700,
      "date": 132628370273220180
    },
    {
      "path": "MaterialLibs/mymatsKNZY/Textures/wpc.png.DDS.FLAGS",
      "size": 39,
      "date": 132439972199590065
    },
    {
      "path": "MaterialLibs/mymatsKNZY/Textures/WPC.PNG.DDS.json",
      "size": 181,
      "date": 132628370273220180
    },
    {
      "path": "MaterialLibs/mymatsKNZY/Textures/YPC.PNG.DDS",
      "size": 349700,
      "date": 132628370271994240
    },
    {
      "path": "MaterialLibs/mymatsKNZY/Textures/ypc.png.DDS.FLAGS",
      "size": 39,
      "date": 132439972634612006
    },
    {
      "path": "MaterialLibs/mymatsKNZY/Textures/YPC.PNG.DDS.json",
      "size": 232,
      "date": 132628370271984233
    },
    {
      "path": "scenery/global/sceneryKNZY/airport-KNZY.bgl",
      "size": 293101,
      "date": 132628370261227445
    },
    {
      "path": "scenery/global/sceneryKNZY/main-airport-poly.bgl",
      "size": 3631,
      "date": 132628370261385023
    }
  ]
}