{
  "content": [
    {
      "path": "ContentInfo/julysfire-airport-knzy-northislandnas/Thumbnail.jpg",
      "size": 31010,
      "date": 132531637460671880
    },
    {
      "path": "MaterialLibs/mymatsKNZY/Library.xml",
      "size": 1291,
      "date": 132750931650820164
    },
    {
      "path": "MaterialLibs/mymatsKNZY/Textures/wpc.png.DDS",
      "size": 349700,
      "date": 132750931653039224
    },
    {
      "path": "MaterialLibs/mymatsKNZY/Textures/wpc.png.DDS.FLAGS",
      "size": 39,
      "date": 132439972199590065
    },
    {
      "path": "MaterialLibs/mymatsKNZY/Textures/wpc.png.DDS.json",
      "size": 181,
      "date": 132750931653029213
    },
    {
      "path": "MaterialLibs/mymatsKNZY/Textures/ypc.png.DDS",
      "size": 349700,
      "date": 132750931651951195
    },
    {
      "path": "MaterialLibs/mymatsKNZY/Textures/ypc.png.DDS.FLAGS",
      "size": 39,
      "date": 132439972634612006
    },
    {
      "path": "MaterialLibs/mymatsKNZY/Textures/ypc.png.DDS.json",
      "size": 232,
      "date": 132750931651941186
    },
    {
      "path": "scenery/global/sceneryKNZY/airport-KNZY.bgl",
      "size": 293101,
      "date": 132750931650609974
    },
    {
      "path": "scenery/global/sceneryKNZY/main-airport-poly.bgl",
      "size": 3631,
      "date": 132750931650790136
    }
  ]
}